Drugs used in stage 3 and 4 clinical trials,Mode of action,Genes targeted,Other targets,Enzymes,Transporters,Link,PAG #1,PAG #1 Similairty score,PAG #1 size,PAG #1 CoCo score,#1 P A or G,PAG #2,PAG #2 Similairty score,PAG #2 size,PAG #2 CoCo score,#2 P A or G,PAG #3,PAG #3 Similairty score,PAG #3 size,PAG #3 CoCo score,#3 P A or G
Napabucasin,Inhibits STAT3 Pathway,"CISH,IL6,IL6R,JAK1,JAK2,JAK3,PIAS3,PTPRU,REG1A,SRC,STAT3",,,,https://go.drugbank.com/drugs/DB12155,http://discovery.informatics.uab.edu/PAGER/index.php/geneset/view/WIG000237,1,11,1.55E+03,P,http://discovery.informatics.uab.edu/PAGER/index.php/geneset/view/WIG000231,0.59,516,516,P,http://discovery.informatics.uab.edu/PAGER/index.php/geneset/view/MOX003323,0.43,5,664,G
Paclitaxel,mitotic inhibitor,"TUBB1, BCL2, MAP4, MAP2, MAPT, NR1I2, ",,"CYP3A4, CYP3A5, CYP3A7, CYP19A1, CYP1B1, CYP2C8, ","ABCB11, ABCB1, ABCC1, ABCC10, SLCO1B3, ABCC2",https://go.drugbank.com/drugs/DB01229,http://discovery.informatics.uab.edu/PAGER/index.php/geneset/view/MEX000554,,35,355.3,G,http://discovery.informatics.uab.edu/PAGER/index.php/geneset/view/MOX004971,,485,658.2,G,http://discovery.informatics.uab.edu/PAGER/index.php/geneset/view/MOX014330,,13,74.3,G
Acelarin,,,DNA synthesis,,,https://go.drugbank.com/drugs/DB15057,,,,,,,,,,,,,,,
Gemcitabine,nucleoside metabolic inhibitor ,"RRM1, TYMS, CMPK1","DNA, ","TK2, CMPK1, NME1, CDA, DCK","ABCB1, ABCC10, SLC29A1, SLC28A1, SLC29A2, SLC28A3",https://go.drugbank.com/drugs/DB00441,http://discovery.informatics.uab.edu/PAGER/index.php/geneset/view/MEX000630,,11,1113.67,G,http://discovery.informatics.uab.edu/PAGER/index.php/geneset/view/MOX002152,,231,961.48,G,http://discovery.informatics.uab.edu/PAGER/index.php/geneset/view/MOX017269,,174,919.46,G
sunitinib,receptor tyrosine kinase inhibitor,"PDGFRB, FLT1, KIT, KDR, FLT4, FLT3, CSF1R, PDGFRA, MET",,"CYP3A4, CYP3A5, CYP3A7","ABCC4, ABCB1,  ABCC2, ABCG2",https://go.drugbank.com/drugs/DB01268,http://discovery.informatics.uab.edu/PAGER/index.php/geneset/view/MEX000996,,256,805.5,G,http://discovery.informatics.uab.edu/PAGER/index.php/geneset/view/MEX002276,,183,806.95,G,http://discovery.informatics.uab.edu/PAGER/index.php/geneset/view/MEX002397,,185,798.29,G
AG-013736,VEGFR and kinase inhibitor,"FLT1, KDR, FLT4, ",,"CYP3A4, CYP3A5, CYP1A2, CYP2C19, UGT1A1","ABCB1, SLCO1B1, ",https://go.drugbank.com/drugs/DB06626,http://discovery.informatics.uab.edu/PAGER/index.php/geneset/view/MEX001047,,104,373.09,G,http://discovery.informatics.uab.edu/PAGER/index.php/geneset/view/MEX001905,,39,173.88,G,http://discovery.informatics.uab.edu/PAGER/index.php/geneset/view/MEX002404,,39,173.88,G
Aflibercept,vascular endothelial growth factor,"VEGFA, PGF, VEGFB",,,,https://go.drugbank.com/drugs/DB08885,http://discovery.informatics.uab.edu/PAGER/index.php/geneset/view/WIG000193,0.47,11,3970,P,http://discovery.informatics.uab.edu/PAGER/index.php/geneset/view/TAX015646,0.42,11,147,A,http://discovery.informatics.uab.edu/PAGER/index.php/geneset/view/TAX026698,0.37,11,100,A
NC-6004,,,,,,https://go.drugbank.com/drugs/DB04960,,,,,,,,,,,,,,,
R115777,farnesyltransferase inhibitors,FNTB,,,ABCB1,https://go.drugbank.com/drugs/DB04960,http://discovery.informatics.uab.edu/PAGER/index.php/geneset/view/MOX003154,,11,1436,G,,,,,,,,,,
Leucovorin,folate analog,,,,SLC22A8,https://go.drugbank.com/drugs/DB00650,http://discovery.informatics.uab.edu/PAGER/index.php/geneset/view/MOX003862,,34,262.4,G,,,,,,,,,,
OXALIPLATIN,platinum based chemotherapy agent,,DNA,"GSTT1, MT1A, MT2A, MPO, SOD1, GSTP1, GSTM1, NQO1",,https://go.drugbank.com/drugs/DB00526,,,,,,,,,,,,,,,
Fluorouracil,pyrimidine analog,TYMS,"DNA, RNA, ","DPYD, UPP1, UPP2, CYP2A6, CYP2C8, MTHFR, TYMS, UMPS, PPAT, CYP1A2, TYMP, CYP2C9","SLC22A7, SLC29A1, ABCG2, ABCC3, ABCC4, ABCC5,",https://go.drugbank.com/drugs/DB00544,http://discovery.informatics.uab.edu/PAGER/index.php/geneset/view/MOX004109,,1167,478.19,G,http://discovery.informatics.uab.edu/PAGER/index.php/geneset/view/MOX016782,,194,938.63,G,,,,,
Capecitabine,nucleoside metabolic inhibitor,TYMS,"DNA, RNA, ","TYMP, CES1, CDA, CYP2C9, UPP1, UPP2",ALB,https://go.drugbank.com/drugs/DB01101,http://discovery.informatics.uab.edu/PAGER/index.php/geneset/view/MOX003070,,53,55.28,G,http://discovery.informatics.uab.edu/PAGER/index.php/geneset/view/MOX017959,,48,751.57,G,,,,,
Larotaxel,,,,,,,,,,,,,,,,,,,,,
S-1,antineoplastic agent,TYMS,,"CYP1A2, CYP2C8, CYP2A6, CYP2E1, CYP3A5,",SERPINA7,https://go.drugbank.com/drugs/DB09256,http://discovery.informatics.uab.edu/PAGER/index.php/geneset/view/MOX004124,,9,78.6,G,http://discovery.informatics.uab.edu/PAGER/index.php/geneset/view/MOX017374,,8,0,G,,,,,
everolimus,rapamycin (mTOR) kinase inhibitor,MTOR,,"CYP2D6, CYP3A4","SLCO1B1, SLCO1B3, SLCO1A2, ABCB1",https://go.drugbank.com/drugs/DB01590,http://discovery.informatics.uab.edu/PAGER/index.php/geneset/view/MOX003029,,24,1508.15,G,http://discovery.informatics.uab.edu/PAGER/index.php/geneset/view/MOX016521,,56,943.3,G,,,,,
ALIMTA, folate analog,"TYMS, ATIC, DHFR, GART, ",,"SLC29A1, DCK","SLC22A8, SLC19A1, SLC46A1, ABCG2, ABCC5, SLC22A6, SLC22A11, ",https://go.drugbank.com/drugs/DB00642,http://discovery.informatics.uab.edu/PAGER/index.php/geneset/view/MOX002743,,33,246.03,G,http://discovery.informatics.uab.edu/PAGER/index.php/geneset/view/MOX017934,,28,416.91,G,,,,,
cisplatin,platinum based chemotherapy agent,"MPG, A2M, TF, ATOX1","DNA, ","MPO, XDH, CYP4A11, PTGS2, nat, CYP2C9, CYP2B6, BCHE, GSTT1, MT1A, MT2A, SOD1, GSTP1, NQO1, GSTM1","ABCC3, ABCC5, ABCC2, SLC22A2, SLC31A1, SLC31A2, ABCC6, ATP7B, ATP7A, ABCG2, ",https://go.drugbank.com/drugs/DB00515,,,,,,,,,,,,,,,
Oxaliplatine,platinum based chemotherapy agent,,"DNA, ","GSTT1, MT1A, MT2A, MPO, SOD1, GSTP1, GSTM1, NQO1","SLC22A2, SLC31A1, SLC22A3, ABCG2, ABCC2, ATP7B, ATP7A",https://go.drugbank.com/drugs/DB00526,,,,,,,,,,,,,,,
Irinotecan,antineoplastic enzyme inhibitor,"TOP1MT, TOP1",,"CYP3A4, CYP3A5, CYP2B6, CYP3A7, UGT1A1, UGT1A9, CES1, CES2, BCHE","SLC22A3, SLCO1B1, ABCC1, ABCG2, ABCB1, ABCC2",https://go.drugbank.com/drugs/DB00762,http://discovery.informatics.uab.edu/PAGER/index.php/geneset/view/MEX000641,,10,60.48,G,http://discovery.informatics.uab.edu/PAGER/index.php/geneset/view/MEX003408,,1466,214.6,G,http://discovery.informatics.uab.edu/PAGER/index.php/geneset/view/MOX002008,,547,304.08,G
SM-88,,,,,,,,,,,,,,,,,,,,,
sorafenib,kinase inhibitor,"BRAF, RAF1, FLT4, KDR, FLT1, FLT3, PDGFRB, KIT, FGFR1, RET",,"CYP3A4, CYP2C9, CYP2C8, CYP3A5, CYP3A7, CYP2B6, CYP1A2, CYP2C19, CYP2D6, UGT1A9, UGT1A1","ABCB1, ABCG2, ABCC4, ABCC2, RALBP1, SLCO1B1",https://go.drugbank.com/drugs/DB00398,http://discovery.informatics.uab.edu/PAGER/index.php/geneset/view/MEX000804,,115,631.88,G,http://discovery.informatics.uab.edu/PAGER/index.php/geneset/view/MOX016108,,157,889.65,G,http://discovery.informatics.uab.edu/PAGER/index.php/geneset/view/MOX003291,,112,2978.59,G
cetuximab,endothelial growth factor receptor binding fragment,"EGFR, FCGR3B, C1QA, C1QB, C1QC, FCGR3A, FCGR1A, FCGR2A,",,,,https://go.drugbank.com/drugs/DB00002,,,,,,,,,,,,,,,
IMMU-107,,,,,,https://go.drugbank.com/drugs/DB15368,,,,,,,,,,,,,,,
Ruxolitinib,kinase inhibitor,"JAK2, JAK1, JAK3, TYK2",,"CYP3A4, CYP2C9, ",,https://go.drugbank.com/drugs/DB08877,,,,,,,,,,,,,,,
K-001,,,,,,,,,,,,,,,,,,,,,
rubitecan,,TOP1,,,,https://go.drugbank.com/drugs/DB06159,,,,,,,,,,,,,,,
epirubicin,anthracycline topoisomerase II inhibitor,TOP2A,DNA,"UGT2B7, PLA2G4A, ",ABCC1,https://go.drugbank.com/drugs/DB00445,,,,,,,,,,,,,,,
TS-1,antineoplastic agent,TYMS,,"CYP1A2, CYP2C8, CYP2A6, CYP2E1, CYP3A5, ",,https://go.drugbank.com/drugs/DB09256,,,,,,,,,,,,,,,
Irofulven,,FUBP1,,,,https://go.drugbank.com/drugs/DB05786,,,,,,,,,,,,,,,
liposomal cisplatin,,"MPG, A2M, TF, ATOX1, ",DNA,"MPO, XDH, CYP4A11, PTGS2, nat, CYP2C9, CYP2B6, BCHE, GSTT1, MT1A, MT2A, SOD1, GSTP1, NQO1, GSTM1, ","ABCC3, ABCC5, ABCC2, SLC22A2, SLC31A1, SLC31A2, ABCC6, ATP7B, ATP7A, ABCG2, ",https://go.drugbank.com/drugs/DB00515,,,,,,,,,,,,,,,
GV1001,peptide vaccine,TERT,,,,https://go.drugbank.com/drugs/DB12747,,,,,,,,,,,,,,,
nimotuzumab,EGFR-targeting monoclonal antibody,,,,,https://go.drugbank.com/drugs/DB06192,,,,,,,,,,,,,,,
Glufosfamide,,"EGF, EGFR",,,,https://go.drugbank.com/drugs/DB06177,,,,,,,,,,,,,,,
bevacizumab,monoclonal anti-vascular endothelial growth factor antibody,"VEGFA, C1QA, C1QB, C1QC, FCGR3A, FCGR1A, FCGR2A, FCGR2B, FCGR2C, ",,,,https://go.drugbank.com/drugs/DB00112,,,,,,,,,,,,,,,
Cefoxitin,broad-spectrum antibioti,"dacC, dacA, pbpG, dacB, mrcA, mrcB, ftsI, pbp3, pbp1b, pbp2a, pbpA, penA",,penP,,https://go.drugbank.com/drugs/DB01331,,,,,,,,,,,,,,,
AMG 479,Monoclonal antibody,IGF-1R,,,,https://go.drugbank.com/drugs/DB12205,,,,,,,,,,,,,,,
Celebrex,selective cyclooxygenase-2 (COX-2) inhibitor,"PTGS2, CA2, CA3, CDH11, PDPK1, NEU1, ",,"CYP3A4, CYP2C9, CYP2D6, CYP2C8, PTGS2, ","ABCC4, ABCB11, ABCB1, ABCG2, ",https://go.drugbank.com/drugs/DB00482,,,,,,,,,,,,,,,
Curcumin,pleiotropic molecule,"PPARG, VDR, ABCC5, CBR1, GSTP1, ",,"CYP2C9, CYP3A4, CYP2B6, CYP1A2, CYP2D6, GSTA1, GSTM1, GSTP1, ",ABCB1,https://go.drugbank.com/drugs/DB11672,,,,,,,,,,,,,,,
Pembrolizumab,PD-1 blocking antibody,"PDCD1, CD274",,,,https://go.drugbank.com/drugs/DB09037,,,,,,,,,,,,,,,
Ciprofloxacin,fluoroquinolone,"parC, gyrA, TOP2A, KCNH2, gyrA, parC, parE, gyrA, mdtK, ",,"CYP1A2, CYP3A4, CYP3A5, CYP3A7","ABCB1, SLC47A1, SLC47A2",https://go.drugbank.com/drugs/DB00537,,,,,,,,,,,,,,,
Metronidazole,nitroimidazole,"rdxA, ","Anaerobic bacterial DNA, . Protozoal DNA","CYP2C8, UGT1A1, CYP2A6, CYP3A5, CYP3A7, CYP2C9, CYP3A4, ","ABCB, ",https://go.drugbank.com/drugs/DB00916,,,,,,,,,,,,,,,
Innohep,inhibition of factor Xa,"SERPINC1, ITGA4, CXCL12, ",,ADAMTS4,,https://go.drugbank.com/drugs/DB06822,,,,,,,,,,,,,,,
Desflurane,volatile anesthetic,"GLRA1, GABRA2, GABRA1, GABRA3, GABRA4, GABRA5, GABRA6, GABRB1, GABRB2, GABRB3, GABRD, GABRE, GABRG1, GABRG2, GABRG3, GABRP, GABRQ, GRIA1, KCNA1, MT-ND1, ATP5D, ATP2C1, ATP2C2, ATP2B1, ATP2B2, ATP2B3, ATP2B4, ATP2A1, ATP2A2, ",,CYP2E1,,https://go.drugbank.com/drugs/DB01189,,,,,,,,,,,,,,,
Cefuroxime,cephalosporin,pbpA,,,SLC15A1,https://go.drugbank.com/drugs/DB01112,,,,,,,,,,,,,,,
SBP-101,,,DNA synthesis,,,https://go.drugbank.com/drugs/DB17988,,,,,,,,,,,,,,,
S1,antineoplastic agent,"TYMS, ",,"CYP1A2, CYP2C8, CYP2A6, CYP2E1, CYP3A5, ",,https://go.drugbank.com/drugs/DB09256,,,,,,,,,,,,,,,
Fluzoparib,receptor tyrosine kinase inhibitor,"PDGFRB, FLT1, KIT, KDR, FLT4, FLT3, CSF1R, PDGFRA, MET, ",,"CYP3A4, CYP3A5, CYP3A7, ","ABCC4, ABCB1, ABCC2, ABCG2, ",https://go.drugbank.com/drugs/DB01268,,,,,,,,,,,,,,,
lanreotide,,PARP1 ,,,,https://go.drugbank.com/drugs/DB15637,,,,,,,,,,,,,,,
Pasireotide,somatostatin analog,"SSTR2, SSTR5, ",,"CYP3A4, ",,https://go.drugbank.com/drugs/DB06791,,,,,,,,,,,,,,,
dalteparin,somatostatin analog,"SSTR1, SSTR2, SSTR3, SSTR5, ",,"CYP3A4, ",,https://go.drugbank.com/drugs/DB06663,,,,,,,,,,,,,,,
Ascorbate,prophylaxis of thrombotic events,"SERPINC1, VEGFA, SELP, ",,HPSE,,https://go.drugbank.com/drugs/DB06779,,,,,,,,,,,,,,,
docetaxel,"
Vitamin C","xylA, PLOD2, PHYH, PLOD3, BBOX1, DBH, PAM, P3H1, P3H2, P3H3, P4HA1, OGFOD1, OGFOD2, ALKBH2, ALKBH3, KDM5D, PLOD1, TMLHE, P4HTM, EGLN1, EGLN2, EGLN3, ","DNA, ",TXNRD1,"SLC23A1, SLC23A2, SLC2A1, SLC2A3, SLC2A4, ",https://go.drugbank.com/drugs/DB00126,,,,,,,,,,,,,,,
Celecoxib,taxoid antineoplastic agent,"TUBB1, MAP2, MAP4, MAPT, BCL2, NR1I2, ",,"CYP3A4, CYP3A5, CYP3A7, CYP1B1, ","ABCB1, ABCC10, SLCO1B3, SLC22A7, ABCG2, ABCC2, ABCC1, ",https://go.drugbank.com/drugs/DB01248,,,,,,,,,,,,,,,
Pregabalin,selective cyclooxygenase-2 (COX-2) inhibitor,"PTGS2, CA2, CA3, CDH11, PDPK1, NEU1, ",,"CYP3A4, CYP2C9, CYP2D6, CYP2C8, PTGS2, ","ABCC4, ABCB11, ABCB1, ABCG2, ",https://go.drugbank.com/drugs/DB00482,,,,,,,,,,,,,,,
Clopidogrel,binding to the α2δ subunit of voltage-dependent calcium channels,CACNA2D1,,,"SLC1A1, SLC7A5",https://go.drugbank.com/drugs/DB00230,,,,,,,,,,,,,,,
Diazoxide,platelet inhibitor,"P2RY12, ","CYP2C9, CYP1A2, CYP2C8, CES1, CYP3A4, CYP2B6, CYP3A5, CYP2C19,",,"ABCB, ",https://go.drugbank.com/drugs/DB00758,,,,,,,,,,,,,,,
CPI 613,activates ATP-sensitive potassium channels,"KCNJ11, ATP5O, ATP5C1, ATP5F1E, ATP5D, ATP5B, ATP5A1, ",,,,https://go.drugbank.com/drugs/DB01119,,,,,,,,,,,,,,,
Pamrevlumab,,,,,,,,,,,,,,,,,,,,,
STZ-5FU,,,,,,,,,,,,,,,,,,,,,
Reconvan,nitrosourea antineoplastic agent,"SLC2A2, MGEA5","DNA, ","CYP1A1, CYP1A2, CYP2E1, ","ABCB1, ",https://go.drugbank.com/drugs/DB00428,,,,,,,,,,,,,,,
Stresson,,,,,,,,,,,,,,,,,,,,,
Axitinib,,,,,,,,,,,,,,,,,,,,,
Sandostatin,VEGFR and kinase inhibitor,"FLT1, KDR, FLT4, ",,"CYP3A4, CYP3A5, CYP1A2, CYP2C19, UGT1A1, ","ABCB1, SLCO1B1, ",https://go.drugbank.com/drugs/DB06626,,,,,,,,,,,,,,,
Trastuzumab,peptide drug,,somatostatin receptor,"MPO, CYP3A4, ","ABCB1, ABCC2, ",https://go.drugbank.com/drugs/DB00104,,,,,,,,,,,,,,,
Pertuzumab,monoclonal anti-human epidermal growth factor receptor 2 protein antibody,ERBB2,,,,https://go.drugbank.com/drugs/DB00072,,,,,,,,,,,,,,,
Immuncell-LC,antineoplastic agent,ERBB2,,,,https://go.drugbank.com/drugs/DB06366,,,,,,,,,,,,,,,
vapreotide,,,,,,,,,,,,,,,,,,,,,
RYZ101,synthetic octapeptide somatostatin analog,"SSTR2, SSTR5, TACR1, ",,CYP3A4,,https://go.drugbank.com/drugs/DB04894,,,,,,,,,,,,,,,
OT-101,,,,,,,,,,,,,,,,,,,,,
177Lu-edotreotide PRRT,,,,,,,,,,,,,,,,,,,,,
Masitinib,somatostatin analog,"SSTR2, SSTR1, SSTR3, SSTR4, SSTR5, ",,,,https://go.drugbank.com/drugs/DB13985,,,,,,,,,,,,,,,
HR070803,tyrosine-kinase inhibitor,,,,,https://go.drugbank.com/drugs/DB11526,,,,,,,,,,,,,,,
Atezolizumab,,,,,,,,,,,,,,,,,,,,,
Thalidomide,monoclonal antibody,"CD274, PDCD1, ",,,,https://go.drugbank.com/drugs/DB11595,,,,,,,,,,,,,,,
Relacorilant,modulating the release of inflammatory mediators like tumor necrosis factor-alpha (TNF-a) and other cytokine action,"CRBN, ORM1, ORM2",DNA,"CYP1A1, CYP2B6, CYP2C9, CYP3A4, CYP2C19, CYP3A5, PTGS1, PTGS2, ",,https://go.drugbank.com/drugs/DB01041,,,,,,,,,,,,,,,
NIS793,,,,,,,,,,,,,,,,,,,,,
KN046,monoclonal antibody targeted against transforming growth factor beta (TGFβ),,,,,https://go.drugbank.com/drugs/DB17561,,,,,,,,,,,,,,,
Nadroparin,monoclonal antibody directed against both the programmed cell death-1 ligand 1 (PD-L1) and cytotoxic T-lymphocyte-associated antigen 4 (CTLA4),,,,,https://go.drugbank.com/drugs/DB17446,,,,,,,,,,,,,,,
Momelotinib,prophylaxis of thrombotic events and deep vein thrombosis,"SERPINC1, SELP, FOS, MYC, ",,,,https://go.drugbank.com/drugs/DB08813,,,,,,,,,,,,,,,
escitalopram oxalate,Janus Kinase inhibitor,"JAK1, JAK2, JAK3, TYK2, ACVR1, FLT3, ",,"CYP3A4, CYP2C8, CYP2C9, CYP2C19, CYP1A2, CYP2B6, UGT1A1, UGT1A9, ","ABCB1, ABCG2, SLCO1B1, SLCO1B3, ",https://go.drugbank.com/drugs/DB11763,,,,,,,,,,,,,,,
TH-302,selective serotonin re-uptake inhibitor,"SLC6A4, CHRM1, HRH1, HTR1A, HTR2A, ADRA1A, ADRA1B, ADRA1D",,"CYP3A, CYP2D6, CYP2C19, MAOA, MAOB, AOX1, ","ABCB1, ABCG2, SLCO1B1, SLCO1B3, ",https://go.drugbank.com/drugs/DB01175,,,,,,,,,,,,,,,
Isoquercetin,,,,,,https://go.drugbank.com/drugs/DB06091,,,,,,,,,,,,,,,
AMT2003,,,,,,https://go.drugbank.com/drugs/DB12665,,,,,,,,,,,,,,,
Omeprazole,,,,,,https://go.drugbank.com/drugs/DB01446,,,,,,,,,,,,,,,
Esomeprazole,proton pump inhibitor,"ATP4A, AHR, ",,"CYP1A1, CYP1A2, CYP1B1, CYP2C8, CYP2C9, CYP2C18, CYP2D6, CYP3A4, CYP2C19, ","ABCG2, ABCC3, ABCB1, ",https://go.drugbank.com/drugs/DB00338,,,,,,,,,,,,,,,
Minnelide,proton pump inhibitor,"ATP4A, DDAH1, ",,"CYP2C19, CYP3A4, ","ABCB1, SLC22A8, ",https://go.drugbank.com/drugs/DB00736,,,,,,,,,,,,,,,
Atu027,,,,,,https://go.drugbank.com/drugs/DB12171,,,,,,,,,,,,,,,
Nintedanib,"Inhibits platelet-derived growth factor, fibroblast growth factor receptor, vascular endothelial growth factor receptor, Fns-Like tyrosine kinase-3, ","FLT1, KDR, FLT4, PDGFRA, PDGFRB, FGFR1, FGFR2, FGFR3, FLT3, LCK, LYN, SRC, ",,"UGT1A1, UGT1A7, UGT1A8, UGT1A10, CYP3A4, ","ABCB1, SLC22A1, ABCG2, ",https://go.drugbank.com/drugs/DB09079,,,,,,,,,,,,,,,
Antroquinonol,,,,,,https://go.drugbank.com/drugs/DB12326,,,,,,,,,,,,,,,
enzastaurin,inhibit signaling through the PKC-B and PI3K/AKT pathways,"PRKCB, AURKB, AURKA, CDK15, CHEK1, CHEK2, AKT1, PIK3R1,  ",,,,https://go.drugbank.com/drugs/DB06486,,,,,,,,,,,,,,,
Pemigatinib,"Activates FGFR signalling pathway, ","FGFR1, FGFR2, FGFR3, FGFR4, ",,"CYP3A4, ","ABCB1, ABCG2, SLC22A2, SLC47A1, ",https://go.drugbank.com/drugs/DB15102,,,,,,,,,,,,,,,
Toripalimab,,PDCD1,,,,https://go.drugbank.com/drugs/DB15043,,,,,,,,,,,,,,,
Tislelizumab,,PDCD1,,,,https://go.drugbank.com/drugs/DB14922,,,,,,,,,,,,,,,
Temozolomide,imidazotetrazine prodrug,,DNA,,"ABCB1, ABCG2",https://go.drugbank.com/drugs/DB00853,,,,,,,,,,,,,,,
Penpulimab,,,,,,https://go.drugbank.com/drugs/DB16747,,,,,,,,,,,,,,,
Anlotinib,,,,,,https://go.drugbank.com/drugs/DB11885,,,,,,,,,,,,,,,
Surufatinib,,,,,,https://go.drugbank.com/drugs/DB15106,,,,,,,,,,,,,,,
Sintilimab,,PDCD1,,,,https://go.drugbank.com/drugs/DB15765,,,,,,,,,,,,,,,
Herceptin,anti-human epidermal growth factor receptor 2 protein antibody,ERBB2,,,,https://go.drugbank.com/drugs/DB00072,,,,,,,,,,,,,,,
Balstilimab,,,,,,https://go.drugbank.com/drugs/DB15676,,,,,,,,,,,,,,,
IM156,,,,,,https://go.drugbank.com/drugs/DB17121,,,,,,,,,,,,,,,
Vemurafenib,inhibitor of mutated BRAF-serine-threonine kinase,BRAF,,"CYP1A2, CYP2D6, CYP3A4, CYP2C9, CYP2C8, CYP2B6, ","ABCC1, ABCG2, ABCB1, ",https://go.drugbank.com/drugs/DB08881,,,,,,,,,,,,,,,
Fruquintinib,,,,,,https://go.drugbank.com/drugs/DB11679,,,,,,,,,,,,,,,
TAS 102,thymidine phosphorylase inhibitor,,,,,https://go.drugbank.com/drugs/DB08937,,,,,,,,,,,,,,,
L-DOS47,,,,,,,,,,,,,,,,,,,,,
PX-12,"inhibitor of Trx-1 (thioredoxin-1), stimulates apoptosis, down-regulates HIF-1α and vascular endothelial growth factor (VEGF)",TXNRD1,,,,https://go.drugbank.com/drugs/DB05448,,,,,,,,,,,,,,,
Vactosertib,,,,,,https://go.drugbank.com/drugs/DB15310,,,,,,,,,,,,,,,
Entinostat,,"HDAC1, HDAC10, HDAC11, HDAC2, HDAC3, HDAC4, HDAC5, HDAC6, HDAC7, HDAC8, HDAC9, ",,,,https://go.drugbank.com/drugs/DB11841,,,,,,,,,,,,,,,
Azacitidine,"inhibition of DNA methyltransferase, impairing DNA methylation","DNMT1, ","RNA, DNA, ","CDA, ",,https://go.drugbank.com/drugs/DB00928,,,,,,,,,,,,,,,
BI 2536,,,,,,https://go.drugbank.com/drugs/DB16107,,,,,,,,,,,,,,,
LY2157299,,,,,,https://go.drugbank.com/drugs/DB11911,,,,,,,,,,,,,,,
Dapagliflozin,sodium-glucose cotransporter 2 (SGLT2) inhibitor,SLC5A2,,"CYP1A1, CYP1A2, CYP2A6, CYP2C9, CYP2D6, CYP3A4, UGT1A9, UGT2B4, UGT2B7, ",ABCB1,https://go.drugbank.com/drugs/DB06292,,,,,,,,,,,,,,,
Plerixafor,inhibitor of C-X-C chemokine receptor type 4,CXCR4,,,,https://go.drugbank.com/drugs/DB06809,,,,,,,,,,,,,,,
CDX-301,,,,,,,,,,,,,,,,,,,,,
CDX-1140,,,,,,,,,,,,,,,,,,,,,
ARQ 197,,MET,,,,https://go.drugbank.com/drugs/DB12200,,,,,,,,,,,,,,,
TNP-470,,METAP2,,,,https://go.drugbank.com/drugs/DB08633,,,,,,,,,,,,,,,
Defactinib,,,,,,https://go.drugbank.com/drugs/DB12282,,,,,,,,,,,,,,,
LMB-100,,,,,,https://go.drugbank.com/drugs/DB18591,,,,,,,,,,,,,,,
Nelfinavir,HIV-1 protease inhibitor,,HIV-1 protease,"CYP3A4, CYP3A7, CYP3A5, CYP2B6, CYP2C19, UGT1A1, CYP2C9, CYP2D6, ","ABCB1, SLC22A1, SLCO1A2, ABCG2, SLCO1B1, SLCO1B3, SLCO2B1, ABCB11, ",https://go.drugbank.com/drugs/DB00220,,,,,,,,,,,,,,,
DTA-H19,plasmid DNA vector encoding the diphtheria toxin A,,,,,https://go.drugbank.com/drugs/DB16017,,,,,,,,,,,,,,,
imexon,"induces mitochondrial oxidation, a loss of membrane potential and cytochrome C, leading to apoptosis.","RRM2, RRM1, ",,,,https://go.drugbank.com/drugs/DB05003,,,,,,,,,,,,,,,
BVD-523,ATP-competitive ERK1/2 inhibitor,"MAPK3, MAPK1, ",,,,https://go.drugbank.com/drugs/DB13930,,,,,,,,,,,,,,,
ZIMBERELIMAB,,,,,,https://go.drugbank.com/drugs/DB17505,,,,,,,,,,,,,,,
DOMVANALIMAB,,,,,,,,,,,,,,,,,,,,,
APX005M,CD40 Agonistic Antibody,,,,,https://go.drugbank.com/drugs/DB16413,,,,,,,,,,,,,,,
GSK3145095,RIP1 kinase inhibitor,,,,,,,,,,,,,,,,,,,,
CEP-37250,,,,,,,,,,,,,,,,,,,,,
KHK2804,,,,,,,,,,,,,,,,,,,,,
CT-011,monoclonal antibody directed against a B7 family-associated protein,PDCD1,,,,https://go.drugbank.com/drugs/DB05916,,,,,,,,,,,,,,,
Lutathera,omatostatin analog,"SSTR2, SSTR1, SSTR3, SSTR4, SSTR5, ",,,,https://go.drugbank.com/drugs/DB13985,,,,,,,,,,,,,,,
PEGPH20,,,,,,https://go.drugbank.com/drugs/DB14912,,,,,,,,,,,,,,,
AGS-1C4D4,monoclonal antibody directed to Agensys’ proprietary target Prostate Stem Cell Antigen (PSCA),PSCA,,,,https://go.drugbank.com/drugs/DB05933,,,,,,,,,,,,,,,
DMUC4064A,,,,,,,,,,,,,,,,,,,,,
IPI-926,,,,,,https://go.drugbank.com/drugs/DB12655,,,,,,,,,,,,,,,
ASG-5ME,,,,,,,,,,,,,,,,,,,,,
X-82,,,,,,,,,,,,,,,,,,,,,
MVT-1075,,,,,,,,,,,,,,,,,,,,,
MVT-5873,,,,,,,,,,,,,,,,,,,,,
MVT-2163,,,,,,,,,,,,,,,,,,,,,
Etanercept,extracellular ligand-binding portion of the human 75 kilodalton (p75) tumor necrosis factor receptor (TNFR) linked to the Fc portion of human IgG1,"TNF, LTA, FCGR1A, FCGR2A, FCGR2B, FCGR2C, FCGR3A, FCGR3B, C1QA, C1QB, C1QC, ",,,,https://go.drugbank.com/drugs/DB00005,,,,,,,,,,,,,,,
Infliximab,anti tumor necrosis factor alpha antibody,TNF,,,,https://go.drugbank.com/drugs/DB00065,,,,,,,,,,,,,,,
Pimonidazole,,,,,,https://go.drugbank.com/drugs/DB12485,,,,,,,,,,,,,,,
Cyclophosphamide,alkylating nitrogen mustard antineoplastic and immunosuppressive agent,"NR1I2, ","DNA, ",,,https://go.drugbank.com/drugs/DB00531,,,,,,,,,,,,,,,
Fludarabine,chemotherapeutic agent,"DCK, POLA1, RRM1, ","DNA, ",,"SLC29A1, SLC28A3, ",https://go.drugbank.com/drugs/DB01073,,,,,,,,,,,,,,,
Cabozantinib,"inhibits specific receptor tyrosine kinases such as VEGFR-1, -2 and -3, KIT, TRKB, FLT-3, AXL, RET, MET, and TIE-2.","MET, KDR, RET, ",,"CYP3A4, CYP2C9, CYP2C8, ",,https://go.drugbank.com/drugs/DB08875,,,,,,,,,,,,,,,
NMK89,,,,,,,,,,,,,,,,,,,,,
RO7198457,mRNA-based cancer vaccine targeting an unspecified amount of tumour-associated antigens,,,,,https://go.drugbank.com/drugs/DB17497,,,,,,,,,,,,,,,
MRTX849,small-molecule KRAS inhibitor,KRAS,,"CYP3A4, CYP2C8, CYP1A2, CYP2B6, CYP2C9, CYP2D6, ",ABCB1,https://go.drugbank.com/drugs/DB15568,,,,,,,,,,,,,,,
ZD6474,"potent and selective inhibitor of VEGFR (vascular endothelial growth factor receptor), EGFR (epidermal growth factor receptor) and RET (REarranged during Transfection) tyrosine kinases.","VEGFA, EGFR, PTK6, TEK, RET, ",,"FMO1, FMO3, CYP3A4, ","ABCC1, ABCG2, SLC22A2, ABCB1, ",https://go.drugbank.com/drugs/DB05294,,,,,,,,,,,,,,,
BI 905711,,,,,,,,,,,,,,,,,,,,,
Adavosertib,,WEE1,,,,https://go.drugbank.com/drugs/DB11740,,,,,,,,,,,,,,,
Gimatecan,,,,,SLCO1B1,https://go.drugbank.com/drugs/DB06721,,,,,,,,,,,,,,,
gimeracil,DPD inhibitor,DPYD,,,,https://go.drugbank.com/drugs/DB09257,,,,,,,,,,,,,,,
BEZ235,,,,,,https://go.drugbank.com/drugs/DB11651,,,,,,,,,,,,,,,
Enfortumab,antibody-drug conjugate comprised of a fully human monoclonal antibody and microtubule-disrupting chemotherapeutic agent,NECTIN4,,CYP3A4,ABCB1,https://go.drugbank.com/drugs/DB13007,,,,,,,,,,,,,,,
OSI-774,,,,,,,,,,,,,,,,,,,,,
RP72,,,,,,https://go.drugbank.com/drugs/DB17156,,,,,,,,,,,,,,,
TNO155,,,,,,,,,,,,,,,,,,,,,
IN10018,,,,,,https://go.drugbank.com/drugs/DB17570,,,,,,,,,,,,,,,
Binimetinib,selective oral mitogen-activated protein kinase 1/2 (MEK 1/2) inhibitor,"MAP2K2, MAP2K1, ",,"UGT1A1, CYP1A2, CYP2C19, ","ABCG2, ABCB1, ",https://go.drugbank.com/drugs/DB11967,,,,,,,,,,,,,,,
Encorafenib,"kinase inhibitor that targets BRAF V600E, as well as wild-type BRAF and CRAF","BRAF, CCND1, RAF1, MAPK8, MAPK9, MAPK10, LIMK1, LIMK2, MAP2K4, STK36, ",,"CYP3A4, CYP2C19, CYP2D6, UGT1A1, CYP1A2, CYP2B6, CYP2C8, CYP2C9, CYP3A5, CYP3A7, ","ABCB1, SLC22A2, ABCG2, SLC22A6, SLC22A8, SLCO1B1, SLCO1B3, ",https://go.drugbank.com/drugs/DB11718,,,,,,,,,,,,,,,
Ficlatuzumab,,,,,,https://go.drugbank.com/drugs/DB11680,,,,,,,,,,,,,,,
MLN8054,selective small-molecule Aurora A kinase inhibitor,AURKA,,,,https://go.drugbank.com/drugs/DB13061,,,,,,,,,,,,,,,
LY011,,,,,,,,,,,,,,,,,,,,,
AP 12009,antisense oligodeoxynucleotide that specifically inhibits TGF-beta2,TGFB2,,,,https://go.drugbank.com/drugs/DB05697,,,,,,,,,,,,,,,
Norzyme,,,,,,,,,,,,,,,,,,,,,
Aldoxorubicin,,TOP2A,,,,https://go.drugbank.com/drugs/DB06013,,,,,,,,,,,,,,,
ALT-803,,,,,,https://go.drugbank.com/drugs/DB16479,,,,,,,,,,,,,,,
AK104,,,,,,https://go.drugbank.com/drugs/DB16680,,,,,,,,,,,,,,,
Sapanisertib,,,,,,https://go.drugbank.com/drugs/DB11836,,,,,,,,,,,,,,,
P276-00,,,,,,,,,,,,,,,,,,,,,
BPM31510,,,,,,,,,,,,,,,,,,,,,
SHR6390,,,,,,,,,,,,,,,,,,,,,
Vandetanib,"selective inhibitor of VEGFR (vascular endothelial growth factor receptor), EGFR (epidermal growth factor receptor) and RET (REarranged during Transfection) tyrosine kinases.","VEGFA, EGFR, PTK6, TEK, RET, ",,"FMO1, FMO3, CYP3A4, ","ABCC1, ABCG2, SLC22A2, ABCB1, ",https://go.drugbank.com/drugs/DB05294,,,,,,,,,,,,,,,
perifosine,inhibits the anti-apoptotic mitogen-activated protein kinase (MAPK) pathway and modulates the balance between the MAPK and pro-apoptotic stress-activated protein kinase (SAPK/JNK) pathways,"AKT1, MAPK1, PRKCA, ",,,,https://go.drugbank.com/drugs/DB06641,,,,,,,,,,,,,,,
OXY111A,,,,,,,,,,,,,,,,,,,,,
Z650,,,,,,,,,,,,,,,,,,,,,
PBP1510,,,,,,https://go.drugbank.com/drugs/DB18291,,,,,,,,,,,,,,,
BPI-421286,,,,,,,,,,,,,,,,,,,,,
Bortezomib,reversible inhibitor of the 26S proteasome,"PSMB5, PSMB1, ",,"CYP3A4, CYP2C19, CYP2D6, CYP1A2, CYP2C9, ","ABCB1, SLCO1B3, ",https://go.drugbank.com/drugs/DB00188,,,,,,,,,,,,,,,
Panobinostat,deacetylase (DAC) inhibitor,"HDAC1, HDAC10, HDAC11, HDAC2, HDAC3, HDAC4, HDAC5, HDAC6, HDAC7, HDAC8, HDAC9, ",,"CYP3A4, CYP2D6, ","ABCB1, ",https://go.drugbank.com/drugs/DB06603,,,,,,,,,,,,,,,
XB2001,,,,,,,,,,,,,,,,,,,,,
EF-009,,,,,,,,,,,,,,,,,,,,,
BTH1704,,,,,,,,,,,,,,,,,,,,,
MRx0518,,,,,,https://go.drugbank.com/drugs/DB17523,,,,,,,,,,,,,,,
ISIS 2503,,,,,,https://go.drugbank.com/drugs/DB16181,,,,,,,,,,,,,,,
GRASPA,,,,,,https://go.drugbank.com/drugs/DB17477,,,,,,,,,,,,,,,
PF00562271,,,,,,,,,,,,,,,,,,,,,
ganitumab,,,,,,https://go.drugbank.com/drugs/DB12205,,,,,,,,,,,,,,,
Pomalidomide,inhibits ubiquitin ligase activity,"CRBN, TNF, PTGS2, ",,"CYP1A2, CYP3A4, ","ABCB1, ",https://go.drugbank.com/drugs/DB08910,,,,,,,,,,,,,,,
ABBV-927,,,,,,,,,,,,,,,,,,,,,
MM-141,,,,,,https://go.drugbank.com/drugs/DB15363,,,,,,,,,,,,,,,
trabectedin,"affects various transcription factors involved in cell proliferation, particularly via the transcription-coupled nucleotide excision repair system",,"DNA, ","PTGS1, CYP3A4, CYP2C9, CYP2D6, CYP2E1, CYP2C19, ",,https://go.drugbank.com/drugs/DB05109,,,,,,,,,,,,,,,
ABTL0812,,,,,,https://go.drugbank.com/drugs/DB16027,,,,,,,,,,,,,,,
N-803,,,,,,https://go.drugbank.com/drugs/DB16479,,,,,,,,,,,,,,,
bleomycin,glycopeptide antibiotics from Streptomyces verticillus consisting of bleomycin A2 and B2 (B2 CAS # 9060-10-0). It inhibits DNA metabolism,"LIG1, LIG3, ","DNA, ","BLMH, ",,https://go.drugbank.com/drugs/DB00290,,,,,,,,,,,,,,,
Romidepsin,histone deacetylase (HDAC) inhibitor,"HDAC1, HDAC2, HDAC4, HDAC6, ABCC1, HDAC10, HDAC11, HDAC3, HDAC5, HDAC7, HDAC8, HDAC9, ",,"CYP3A5, CYP1A1, CYP2B6, CYP2C19, CYP3A4, ","ABCB1, SLCO1B3, ABCB11, SLCO1B1, SLC22A6, SLC22A2, ",https://go.drugbank.com/drugs/DB06176,,,,,,,,,,,,,,,
Revlimid,"inhibiting the proliferation and inducing apoptosis of tumour cells. Lenalidomide triggers the activation of pro-apoptotic caspase-8, enhances tumour cell sensitivity to FAS-induced apoptosis, and downregulates NF-κB, an anti-apoptotic protein.7 Independent of its immunomodulatory effects, lenalidomide mediates anti-angiogenic effects by inhibiting angiogenic growth factors released by tumour cells, such as vascular endothelial growth factor (VEGF), basic fibroblastic-growth factor (BFGF), and hepatocyte-growth factor. In vitro, lenalidomide inhibits cell adhesion molecules such as ICAM-1, LFA-1, β2 and β3 integrins","CRBN, TNFSF11, CDH5, PTGS2, ",,,"ABCB1, ",https://go.drugbank.com/drugs/DB00480,,,,,,,,,,,,,,,
BYL719,phosphatidylinositol 3-kinase (PI3K) inhibitor,PIK3CA,,"CYP3A4, CYP2C9, CYP2C8, CYP2C19, ","ABCG2, ABCB1, ",https://go.drugbank.com/drugs/DB12015,,,,,,,,,,,,,,,
Am80,agonist for retinoic acid receptor alpha/beta with possible binding to retinoid X receptors,"RARA, RARB, ",,,,https://go.drugbank.com/drugs/DB04942,,,,,,,,,,,,,,,
conatumumab,,,,,,https://go.drugbank.com/drugs/DB11646,,,,,,,,,,,,,,,
RUCAPARIB,poly (ADP-ribose) polymerase (PARP) inhibitor,"PARP1, PARP2, PARP3, ",,"CYP2D6, CYP1A2, CYP3A4, CYP3A5, CYP3A7, CYP3A43, CYP2C19, CYP2C9, CYP2C8, UGT1A1, ","ABCB1, ABCG2, SLC47A1, SLC47A2, SLC22A1, SLCO1B1, SLCO1B3, SLC22A6, SLC22A8, ABCC4, ",https://go.drugbank.com/drugs/DB12332,,,,,,,,,,,,,,,
ARQ-761,human immunoglobulin G1 kappa (IgG1κ) monoclonal antibody and a novel immune-checkpoint inhibitor for cancer treatment,"CD274, PDCD1, ",,,,https://go.drugbank.com/drugs/DB11714,,,,,,,,,,,,,,,
regorafenib,"inhibited the activity of RET, VEGFR1, VEGFR2, VEGFR3, KIT, PDGFR-alpha, PDGFR-beta, FGFR1, FGFR2, TIE2, DDR2, TrkA, Eph2A, RAF-1, BRAF, BRAFV600E , SAPK2, PTK5, and Abl","FLT1, KDR, FLT4, KIT, PDGFRA, PDGFRB, FGFR1, FGFR2, TEK, DDR2, NTRK1, EPHA2, RAF1, BRAF, MAPK11, FRK, ABL1, RET, ",,"CYP3A4, UGT1A9, CYP2C8, CYP2C9, CYP2B6, UGT1A1, CYP2C19, ","ABCB1, ABCG2, ",https://go.drugbank.com/drugs/DB08896,,,,,,,,,,,,,,,
panitumumab,"binds specifically to EGFR on both normal and tumor cells, and competitively inhibits the binding of ligands for EGFR","EGFR, ",,,,https://go.drugbank.com/drugs/DB01269,,,,,,,,,,,,,,,
icotinib,first generation epidermal growth factor receptor tyrosine kinase inhibitor (EGFR-TKI),"EGFR, ",,"CYP3A4, CYP1A2, CYP3A5, ",,https://go.drugbank.com/drugs/DB11737,,,,,,,,,,,,,,,
Etoposide,"inhibits DNA topoisomerase II, thereby inhibiting DNA re-ligation","TOP2A, TOP2B, ",,"CYP1A2, CYP2E1, CYP3A5, UGT1A1, GSTT1, GSTP1, PTGS2, PTGS1, CYP3A4, ","ABCC3, ABCC6, ABCB1, ABCC1, ABCC10, ABCC2, ABCG2, ",https://go.drugbank.com/drugs/DB00773,,,,,,,,,,,,,,,
LY2090314,,,,,,https://go.drugbank.com/drugs/DB11913,,,,,,,,,,,,,,,
BBR 3464,,,,,,,,,,,,,,,,,,,,,
M2ES,,,,,,,,,,,,,,,,,,,,,
AZD6244,inhibiting MEK1 and MEK2,"MAP2K1, MAP2K2, ",,"CYP2C19, CYP3A4, CYP2C9, CYP1A2, CYP2C8, CYP2E1, CYP3A5, UGT1A1, UGT1A3, ","ABCB1, ABCG2, ",https://go.drugbank.com/drugs/DB11689,,,,,,,,,,,,,,,
OGX-427,inhibits production of Heat Shock Protein 27 (Hsp27),"HSPB1, ",,,,https://go.drugbank.com/drugs/DB06094,,,,,,,,,,,,,,,
G17DT,vaccine that neutralizes gastrin-17,,,,,https://go.drugbank.com/drugs/DB04914,,,,,,,,,,,,,,,
90Y-hPAM4,,,,,,https://go.drugbank.com/drugs/DB15368,,,,,,,,,,,,,,,
AVN944,,,,,,https://go.drugbank.com/drugs/DB05500,,,,,,,,,,,,,,,
Proglumide,,,,,,https://go.drugbank.com/drugs/DB13431,,,,,,,,,,,,,,,
MORAb-009,,"MSLN, ",,,,https://go.drugbank.com/drugs/DB12845,,,,,,,,,,,,,,,
BTP-114,,,,,,,,,,,,,,,,,,,,,
Lu-PRRT,,,,,,,,,,,,,,,,,,,,,
SS-LAR,,,,,,,,,,,,,,,,,,,,,
VEGFR1-1084,,,,,,,,,,,,,,,,,,,,,
Z-360,,,,,,,,,,,,,,,,,,,,,
Vatalanib,inhibits vascular endothelial growth factor (VEGF),"FLT1, KDR, FLT4, ",,,,https://go.drugbank.com/drugs/DB04879,,,,,,,,,,,,,,,
RO70097890,,,,,,,,,,,,,,,,,,,,,
zolbetuximab,,,,,,https://go.drugbank.com/drugs/DB15118,,,,,,,,,,,,,,,
CP-675,monoclonal antibody directed against cytotoxic T-lymphocyte-associated antigen 4 (CTLA-4),"CTLA4, ",,,,https://go.drugbank.com/drugs/DB11771,,,,,,,,,,,,,,,
OMP-54F28,,,,,,https://go.drugbank.com/drugs/DB15045,,,,,,,,,,,,,,,
TL-118,,,,,,,,,,,,,,,,,,,,,
CG 8020,,,,,,,,,,,,,,,,,,,,,
Zentalis,,,,,,,,,,,,,,,,,,,,,
Rintatolimod,,,,,,https://go.drugbank.com/drugs/DB16425,,,,,,,,,,,,,,,
PRI-724,,,,,,https://go.drugbank.com/drugs/DB15034,,,,,,,,,,,,,,,
INCMGA00012,"monoclonal antibody that binds to the programmed death receptor-1 (PD-1), blocking PD-1 interaction with its ligands, programmed death-ligand 1 (PD-L1) and programmed death-ligand 2 (PD-L2)","PDCD1, ",,,,https://go.drugbank.com/drugs/DB15766,,,,,,,,,,,,,,,
SX-682,,,,,,,,,,,,,,,,,,,,,
GSK1120212,mitogen-activated extracellular signal-regulated kinase 1 (MEK1) and MEK2 inhibitor,"MAP2K1, MAP2K2, ",,"CYP2C8, CYP3A4, ",,https://go.drugbank.com/drugs/DB08911,,,,,,,,,,,,,,,
STI-1386,,,,,,,,,,,,,,,,,,,,,
 EO-3021,,,,,,https://go.drugbank.com/drugs/DB18358,,,,,,,,,,,,,,,
PBI 05204,,,,,,,,,,,,,,,,,,,,,
CPO102,,,,,,,,,,,,,,,,,,,,,
JS107,,,,,,,,,,,,,,,,,,,,,
OBI-3424,,,,,,https://go.drugbank.com/drugs/DB16057,,,,,,,,,,,,,,,
RX-3117,,,,,,https://go.drugbank.com/drugs/DB16168,,,,,,,,,,,,,,,
PT886,,,,,,https://go.drugbank.com/drugs/DB18471,,,,,,,,,,,,,,,
SHR-A1904,,,,,,,,,,,,,,,,,,,,,
APG-1387,,,,,,https://go.drugbank.com/drugs/DB16095,,,,,,,,,,,,,,,
GSK2256098,,,,,,https://go.drugbank.com/drugs/DB16106,,,,,,,,,,,,,,,
LCL161,,,,,,https://go.drugbank.com/drugs/DB12085,,,,,,,,,,,,,,,
ABT-888,,,,,,https://go.drugbank.com/drugs/DB07232,,,,,,,,,,,,,,,
Onivyde,antineoplastic enzyme inhibitor,"TOP1MT, TOP1, ",,"CYP3A4, CYP3A5, CYP2B6, CYP3A7, UGT1A1, UGT1A9, CES1, CES2, BCHE, ","SLC22A3, SLCO1B1, ABCC1, ABCG2, ABCB1, ABCC2, ",https://go.drugbank.com/drugs/DB00762,,,,,,,,,,,,,,,
AMP945,,,,,,https://go.drugbank.com/drugs/DB18463,,,,,,,,,,,,,,,
Dociparstat,,,,,,https://go.drugbank.com/drugs/DB16481,,,,,,,,,,,,,,,
QS21,,,,,,,,,,,,,,,,,,,,,
AUY922,,,,,,https://go.drugbank.com/drugs/DB11881,,,,,,,,,,,,,,,
Botensilimab,,,,,,https://go.drugbank.com/drugs/DB16651,,,,,,,,,,,,,,,
DMUC5754A,,,,,,https://go.drugbank.com/drugs/DB15349,,,,,,,,,,,,,,,
ARRY-334543,"selective, reversible, small molecule tyrosine kinase inhibitor of both ErbB-2 (Her-2/neu) and EGFR","ERBB2, EGFR, ",,,,https://go.drugbank.com/drugs/DB05944,,,,,,,,,,,,,,,
CP-870,,,,,,,,,,,,,,,,,,,,,
AEG35156,selectively blocks the cellular expression of X-linked inhibitor of apoptosis protein (XIAP),"XIAP, ",,,,https://go.drugbank.com/drugs/DB06184,,,,,,,,,,,,,,,
89Zr-MMOT0530A,,,,,,,,,,,,,,,,,,,,,
JAB-21822,,,,,,https://go.drugbank.com/drugs/DB17478,,,,,,,,,,,,,,,
YH003,,,,,,,,,,,,,,,,,,,,,
Psilocybin,,,,,,https://go.drugbank.com/drugs/DB11664,,,,,,,,,,,,,,,
BI 1701963,,,,,,,,,,,,,,,,,,,,,
MLN0264,,,,,,https://go.drugbank.com/drugs/DB12413,,,,,,,,,,,,,,,
ESK981,,,,,,https://go.drugbank.com/drugs/DB18155,,,,,,,,,,,,,,,
Retifanlimab,"humanized IgG4 kappa monoclonal antibody that binds to the programmed death receptor-1 (PD-1), blocking PD-1 interaction with its ligands, programmed death-ligand 1 (PD-L1) and programmed death-ligand 2 (PD-L2)","PDCD1, ",,,,https://go.drugbank.com/drugs/DB15766,,,,,,,,,,,,,,,
Afatinib,EGFR inhibitor,"EGFR, ERBB2, ERBB4, ",,,"ABCB1, ABCG2, ",https://go.drugbank.com/drugs/DB08916,,,,,,,,,,,,,,,
Palbociclib,cyclin-dependent kinase inhibitor,"CDK4, CDK6, ",,"CYP3A4, SULT2A1, ","ABCB1, ABCG2, SLC22A1, ",https://go.drugbank.com/drugs/DB09073,,,,,,,,,,,,,,,
VCN-01,,,,,,https://go.drugbank.com/drugs/DB18193,,,,,,,,,,,,,,,
PDR001,,,,,,https://go.drugbank.com/drugs/DB14892,,,,,,,,,,,,,,,
Motixafortide,cyclic peptide hematopoietic stem cell mobilizer,"CXCR4, ",,,,https://go.drugbank.com/drugs/DB14939,,,,,,,,,,,,,,,
NPX267,,,,,,,,,,,,,,,,,,,,,
LS301,,,,,,,,,,,,,,,,,,,,,
Gefitinib,inhibitor of the epidermal growth factor receptor (EGFR),"EGFR, ",,"CYP3A5, CYP1A1, CYP2C9, CYP2C19, 
CYP3A4, CYP2D6, ","ABCB1, ABCG2, ",https://go.drugbank.com/drugs/DB00317,,,,,,,,,,,,,,,
CUE-102,,,,,,,,,,,,,,,,,,,,,
GL-ONC1,,,,,,https://go.drugbank.com/drugs/DB16268,,,,,,,,,,,,,,,
SOT102,,,,,,,,,,,,,,,,,,,,,
SGN-BB228,,,,,,,,,,,,,,,,,,,,,
DCR-MYC,,,,,,,,,,,,,,,,,,,,,
PT199,,,,,,,,,,,,,,,,,,,,,
XL888,,,,,,https://go.drugbank.com/drugs/DB12981,,,,,,,,,,,,,,,
NBTXR3,,,,,,https://go.drugbank.com/drugs/DB17508,,,,,,,,,,,,,,,
AGuIX,,,,,,https://go.drugbank.com/drugs/DB18189,,,,,,,,,,,,,,,
Tetrahydrouridine,,,,,,https://go.drugbank.com/drugs/DB12484,,,,,,,,,,,,,,,
CAN04,,,,,,https://go.drugbank.com/drugs/DB18249,,,,,,,,,,,,,,,
ENB003,,,,,,https://go.drugbank.com/drugs/DB17340,,,,,,,,,,,,,,,
ERY001,,,,,,,,,,,,,,,,,,,,,
BEY1107,,"CDK1, ",,,,https://go.drugbank.com/drugs/DB16652,,,,,,,,,,,,,,,
IMP7068,,,,,,,,,,,,,,,,,,,,,
DS6051b,,,,,,,,,,,,,,,,,,,,,
HBI-2376,,,,,,,,,,,,,,,,,,,,,
JAB-3312,,,,,,,,,,,,,,,,,,,,,
HS-10502,,,,,,,,,,,,,,,,,,,,,
BL-8040,cyclic peptide hematopoietic stem cell mobilizer,"CXCR4, ",,,,https://go.drugbank.com/drugs/DB14939,,,,,,,,,,,,,,,
Falimarev,,,,,,https://go.drugbank.com/drugs/DB17333,,,,,,,,,,,,,,,
Inalimarev,,,,,,https://go.drugbank.com/drugs/DB17332,,,,,,,,,,,,,,,
alisertib,aurora A kinase inhibitor,"AURKA, ",,,,https://go.drugbank.com/drugs/DB05220,,,,,,,,,,,,,,,
LB1908,,,,,,,,,,,,,,,,,,,,,
TT-4,,,,,,,,,,,,,,,,,,,,,
GDC-0449,active small molecule that inhibits the hedgehog signaling pathway,"SMO, ",,"CYP2C9, CYP3A4, CYP2C8, CYP2C19, ","ABCG2, ABCB1, ",https://go.drugbank.com/drugs/DB08828,,,,,,,,,,,,,,,
OATD-02,,,,,,,,,,,,,,,,,,,,,
AQ4N,potent DNA intercalation and topoisomerase II inhibition.,"TOP2A, ",,"CYP1A1, CYP3A4, CYP2B6, ",,https://go.drugbank.com/drugs/DB04975,,,,,,,,,,,,,,,
NBF-006,,,,,,,,,,,,,,,,,,,,,
BR55,,,,,,,,,,,,,,,,,,,,,
Aldesleukin,"activation of the tyrosine kinase Jak3, and phosphorylation of tyrosine residues on the IL-2R beta chain","IL2RB, IL2RA, IL2RG, ",,"PTGS2, PLA2G4A, CYP3A4, XDH, CYP2E1, ",,https://go.drugbank.com/drugs/DB00041,,,,,,,,,,,,,,,
Epacadostat,,,,,,https://go.drugbank.com/drugs/DB11717,,,,,,,,,,,,,,,
REOLYSIN,,,,,,https://go.drugbank.com/drugs/DB17284,,,,,,,,,,,,,,,
E7386,,,,,,,,,,,,,,,,,,,,,
SDX-7320,,,,,,,,,,,,,,,,,,,,,
ARB202,,,,,,,,,,,,,,,,,,,,,
MORAb-066,,,,,,https://go.drugbank.com/drugs/DB17347,,,,,,,,,,,,,,,
HMBD-001,,,,,,,,,,,,,,,,,,,,,
BI 765049,,,,,,,,,,,,,,,,,,,,,
VS-6766,,,,,,https://go.drugbank.com/drugs/DB15254,,,,,,,,,,,,,,,
BMS-986466,,,,,,,,,,,,,,,,,,,,,
LOAd703,,,,,,https://go.drugbank.com/drugs/DB17326,,,,,,,,,,,,,,,
AZD2171,TP-competitive inhibitor of recombinant KDR tyrosine kinase,,,,,https://go.drugbank.com/drugs/DB04849,,,,,,,,,,,,,,,
HY-0102,,,,,,,,,,,,,,,,,,,,,
RMC-4630,,,,,,,,,,,,,,,,,,,,,
LY3214996,,,,,,,,,,,,,,,,,,,,,
MB1707,,,,,,,,,,,,,,,,,,,,,
Imx-110,,,,,,,,,,,,,,,,,,,,,
MRTX1719,,,,,,https://go.drugbank.com/drugs/DB18016,,,,,,,,,,,,,,,
BNT141,,,,,,,,,,,,,,,,,,,,,
LCB84,,,,,,,,,,,,,,,,,,,,,
IDE397,,,,,,,,,,,,,,,,,,,,,
Sotigalimab,,,,,,https://go.drugbank.com/drugs/DB16413,,,,,,,,,,,,,,,
CX-5461,,,,,,https://go.drugbank.com/drugs/DB16846,,,,,,,,,,,,,,,
BMF-219,,,,,,,,,,,,,,,,,,,,,
TNG348,,,,,,,,,,,,,,,,,,,,,
MDK-703,,,,,,,,,,,,,,,,,,,,,
ABR-217620,,,,,,https://go.drugbank.com/drugs/DB12807,,,,,,,,,,,,,,,
AVA6000,,,,,,,,,,,,,,,,,,,,,
FT536,,,,,,,,,,,,,,,,,,,,,
AMT-151,,,,,,,,,,,,,,,,,,,,,
AFNT-211,,,,,,,,,,,,,,,,,,,,,
SGN-CEACAM5C,,,,,,,,,,,,,,,,,,,,,
A2B530,,,,,,,,,,,,,,,,,,,,,
PT217,bispecific Antibody against DLL3 and CD47,,,,,https://go.drugbank.com/drugs/DB18472,,,,,,,,,,,,,,,
ponsegromab,,,,,,,,,,,,,,,,,,,,,
TNG260,,,,,,,,,,,,,,,,,,,,,
ZB131,monoclonal antibody with a high affinity and specificity for cancer-specific plectin (CSP),,,,,https://go.drugbank.com/drugs/DB17164,,,,,,,,,,,,,,,
INCB047986,,,,,,,,,,,,,,,,,,,,,
PF-06946860,,,,,,,,,,,,,,,,,,,,,
NT-I7,"long-acting human interleukin-7 (IL-7) fusion protein that promotes T-cell development, contributing to the immune response.",,,,,https://go.drugbank.com/drugs/DB16395,,,,,,,,,,,,,,,
TAK-500,,,,,,,,,,,,,,,,,,,,,
QBS10072S,,,,,,,,,,,,,,,,,,,,,
ADCT-301,,,,,,https://go.drugbank.com/drugs/DB16411,,,,,,,,,,,,,,,
KO-2806,,,,,,,,,,,,,,,,,,,,,
ACE1702,,,,,,,,,,,,,,,,,,,,,
MGD009,,,,,,,,,,,,,,,,,,,,,
CP-506,,,,,,,,,,,,,,,,,,,,,
ABM-168,,,,,,,,,,,,,,,,,,,,,
XB002,,,,,,,,,,,,,,,,,,,,,
NGM438,,,,,,,,,,,,,,,,,,,,,
